,_date,code_011420,code_012320,code_010130,code_017040,code_001140,code_014530,code_013700,code_003920,code_005750,code_014160,code_005880,code_000640,code_001520,code_000020,code_000150,code_013570,code_027740,code_138040,code_204210,code_001270,code_006400,code_207940,code_068290,code_000810,code_005680,code_003720,code_001290,code_007610,code_136490,code_004490,code_293940,code_055550,code_011090,code_012750,code_005820,code_008600,code_025820,code_129260,code_249420,code_271980,code_001560,code_002620,code_089590,code_002600,code_071320,code_010580,code_088790,code_010640,code_109070,code_120110
0,2020.03.30,990,20900,360500,1275,1485,2390,900,286500,2525,810,12200,77500,941,6130,36250,2880,620,8660,2740,14700,239000,437000,16800,147000,6600,875,1025,1900,5490,24800,6790,27100,649,80200,13600,913,971,1035,11100,20600,5030,8840,16550,120500,30050,0,2110,2340,4100,24500
1,2020.03.27,1035,21000,378000,1400,1350,2365,950,289500,2560,857,13000,77700,969,6300,41000,2995,670,8500,2755,16650,258500,467000,17100,151000,6700,845,1080,2050,5950,25400,6580,29300,681,83000,13900,950,983,1050,11000,21050,4870,9370,18100,120500,30600,256,2170,2420,3550,25900
2,2020.03.26,1020,21300,358500,1280,929,2350,865,282000,2375,807,12600,73500,901,5720,36000,2755,623,8000,2610,14950,258500,469500,16350,150500,6500,826,997,1895,5340,24850,6380,27350,630,80400,13200,790,931,973,10400,19700,4900,9100,15500,122500,30000,232,2140,2335,4550,24650
3,2020.03.25,880,19600,360000,1220,914,2200,840,266500,2260,785,12100,71800,841,5510,34800,2695,613,7720,2615,14750,267000,492500,16000,149000,6340,789,947,1730,5370,24500,6290,26300,623,74500,13750,730,840,919,10550,20100,4780,8900,13250,113500,27400,231,2030,2050,4535,23500
4,2020.03.24,744,18950,306000,1110,830,2080,745,254500,2075,732,11000,68100,774,5170,27950,2380,562,6640,2610,13650,231500,452500,14050,134500,6000,760,904,1590,5050,23050,6000,22600,571,74000,12300,680,781,920,9570,18500,4490,8340,12400,112000,25800,233,2000,1960,5890,21600
5,2020.03.23,815,17300,284000,1075,980,2125,740,263000,2100,680,11550,67500,759,4900,27500,2605,533,6060,2670,14500,202000,406000,12100,120000,5910,780,885,1540,5260,23500,6030,22400,555,81700,13600,670,755,885,9400,16750,4210,8210,11450,114000,27500,239,2285,1910,8150,21250
6,2020.03.20,751,18050,297500,1130,675,2170,730,276500,2145,690,10900,70700,757,5010,26800,2705,521,6010,2540,14600,197000,383500,10350,129000,5880,849,891,1580,5350,22300,6250,22900,549,85400,12950,631,752,880,9380,15800,4310,7970,12000,116000,26550,271,2100,2020,9000,21050
7,2020.03.19,990,21600,317000,1510,920,2555,974,310500,2450,814,13000,73100,903,5630,32600,3230,662,7380,2650,15700,227000,410000,13500,139000,6320,898,985,1850,6230,25750,6690,24300,669,84900,13600,894,998,1105,10100,18500,5130,9310,16900,123500,30500,350,2200,2450,9530,24550
8,2020.03.18,1055,23750,348500,1500,1025,2640,1030,322500,2525,875,13500,75000,978,5630,36050,3400,690,8120,2605,16450,246000,425500,14350,147000,6390,900,970,1915,6760,26150,6720,24900,695,84600,13450,986,1070,1150,10800,19600,4700,9800,19050,126000,30600,415,2375,2580,9150,25900
9,2020.03.17,1000,22100,349500,1360,1000,2400,965,339500,2230,767,10900,70100,901,5250,35350,3055,601,8400,2610,15250,242000,410000,12550,150500,6210,920,986,1750,6300,24400,6500,25000,636,86000,14350,900,1030,1085,10200,18500,4400,9210,18000,127000,30700,388,2160,2250,9000,23650
10,2020.03.16,1165,25500,377000,1565,1135,2670,1030,352500,2580,860,13000,76100,1045,5870,37150,3260,710,8990,2530,16250,280000,463000,15200,163000,6750,940,997,2035,7070,27900,6850,28200,736,84000,14250,1060,1100,1555,11200,20600,5010,10500,19300,129500,33000,416,2400,2700,11000,26500
11,2020.03.13,1290,25450,358500,1515,1200,2660,1040,352000,2405,861,13300,73100,1035,5960,38100,3805,666,9400,2700,15750,260000,465000,14850,159000,6800,830,986,2075,6870,26350,6620,27950,821,75600,15600,998,1135,1305,11100,21000,4460,10550,16000,126000,33500,390,2530,2955,11000,27200
12,2020.03.12,1325,31050,390000,1705,1440,2930,1180,383500,3050,972,15050,83900,1220,6760,45650,4320,742,10050,2800,18000,286500,480000,17950,179500,7400,1015,1040,2430,7670,30450,7170,30400,910,87200,16800,1170,1335,1650,12700,26500,5360,12700,20000,128500,37900,406,2585,3250,13000,30950
13,2020.03.11,1425,31800,393500,1855,1625,3045,1275,377000,3205,1035,16300,85200,1320,6980,56000,4505,779,10050,2860,18450,297500,507000,19150,178500,7750,1070,1065,2525,7880,31150,7410,30050,980,84400,16850,1275,1400,1740,13300,28200,5600,13800,21150,132000,38850,434,2740,3560,14200,31950
14,2020.03.10,1405,30900,384000,1800,1605,3000,1230,382000,3220,1045,15800,85500,1300,6920,57500,4570,755,10000,2850,18150,289000,489000,18550,187500,7730,1050,1040,2450,7620,32000,7210,29450,957,86400,17000,1240,1350,1625,12950,27750,5630,13800,20500,129000,37950,385,2725,3465,14900,32250
15,2020.03.09,1490,32200,402500,1885,1700,3225,1320,379000,3355,1100,16550,86000,1410,7230,58500,4780,791,10400,2885,18800,305000,484000,19700,187500,8220,1130,1140,2595,8150,31950,7290,31400,1025,83000,17400,1370,1455,1895,13850,29350,6050,14350,20950,131000,38200,477,2950,3675,14500,32200
16,2020.03.06,1550,32500,418000,2000,1820,3310,1385,382500,3515,1125,17650,86800,1400,7190,59800,4770,800,10400,2965,18850,319500,491000,20500,193000,8200,1130,1170,2720,8350,33200,7400,32200,1065,86100,17600,1360,1500,1810,13800,28700,6400,14500,21750,130000,39300,350,2980,3620,18000,33750
17,2020.03.05,1555,32950,416000,1985,1810,3350,1385,380500,3480,1135,17600,85700,1425,7090,59900,4695,800,10150,2880,19250,322500,498500,20750,192000,7990,1105,1170,2625,8390,32950,7240,33150,1070,85300,17900,1380,1510,1900,13750,28500,6090,14350,21650,130000,38000,374,2940,3640,13200,34000
18,2020.03.04,1445,32450,408500,1910,1660,3250,1350,384500,3435,1090,16700,86000,1505,6960,56900,4630,776,9990,2855,19100,304000,479500,20000,196500,7790,1040,1135,2550,8380,32300,7020,32100,1030,83700,17500,1320,1455,1800,13650,28550,5880,14050,21450,128500,37600,345,2955,3700,0,33100
19,2020.03.03,1465,32800,413500,1930,1645,3350,1380,378500,3405,1120,17550,85500,1290,6950,57400,4600,777,10000,2855,18800,316500,479500,21200,198000,7760,1050,1160,2560,8220,32450,7010,32300,1045,83100,18050,1335,1485,1865,13900,28800,5900,14150,20700,131000,38250,331,3085,3630,0,34000
20,2020.03.02,1455,33300,411500,1855,1655,3220,1425,381000,3345,1070,17050,87500,1560,6740,55900,4095,758,10150,2860,18900,296500,463000,19350,200500,7730,1020,1085,2440,8190,32050,6910,32350,993,82500,17150,1240,1410,1740,13400,27800,5830,13600,20100,129500,37200,317,3100,3540,0,33450
21,2020.02.28,1505,33550,426000,1950,1525,3300,1310,371500,3510,1185,17300,89900,1290,6860,58600,4515,750,9940,2875,18950,301500,473000,19650,202000,7720,1070,1185,2550,8200,32550,7090,32500,1030,82600,16900,1310,1450,1900,14000,28600,6050,14450,20600,130500,39450,320,3120,3600,0,34600
22,2020.02.27,1590,35200,422500,2070,1685,3405,1385,372500,3630,1210,17500,85700,1025,7090,58300,4750,799,9770,2880,19100,309000,479000,20900,200000,8130,1140,1155,2690,7780,32250,7130,33950,1115,81200,17800,1380,1520,1930,14500,28600,6210,14750,20150,133000,40150,335,3140,3895,0,36050
23,2020.02.26,1655,35600,419000,2050,1705,3365,1365,373500,3625,1185,17300,85700,1030,6980,58500,4740,799,9730,2905,19300,312500,468000,20700,200000,8000,1130,1175,2610,7850,32650,7000,33400,1120,83100,17950,1350,1500,1860,14150,28750,6030,15100,19800,132500,40050,348,3155,3855,0,35100
24,2020.02.25,1650,35500,429000,2000,1775,3340,1315,375500,3515,1265,17000,87000,1005,6800,56100,4550,792,9490,2880,18900,317500,459000,19650,204500,7740,1180,1125,2595,7600,32950,7000,33350,1100,82700,18000,1305,1450,1785,14000,28050,6080,14850,19450,136000,40000,322,3110,3810,0,35300
25,2020.02.24,1760,35100,431000,2135,1710,3330,1370,385000,3700,1390,18100,88400,1060,6960,57500,4795,796,9820,2950,19100,326000,470000,23300,206000,7910,1180,1210,2700,8030,32500,7170,34750,1110,84900,17700,1565,1550,1970,14700,29700,6300,15900,19600,132500,41000,340,3080,3740,0,36500
26,2020.02.21,1770,37100,444500,2170,1765,3470,1390,400500,3790,1265,18850,89600,1080,7330,59900,4935,800,9790,3030,19100,338500,493000,21900,205000,8190,1240,1215,2830,8140,32700,7220,35850,1190,85400,18500,1535,1600,2015,15900,31000,6120,16300,21000,134500,41900,347,3255,4025,0,38550
27,2020.02.20,1830,37900,458000,2165,1950,3535,1440,402500,3835,1260,19500,91200,1100,7520,61300,5000,820,10000,3075,19600,332000,507000,21250,206500,8370,1235,1240,2945,8230,34100,7340,36500,1245,87000,18700,1545,1655,2035,15700,31250,6430,16350,21750,135000,43100,351,3235,4250,0,40050
28,2020.02.19,1840,37600,445500,2205,1745,3585,1490,406500,3935,1215,19800,90900,1090,7420,62700,5070,815,9970,3040,19650,342500,513000,21450,207500,8480,1235,1245,2970,8260,35100,7320,36500,1230,87400,18650,1505,1680,2020,15500,31700,6460,16400,22000,136000,43350,360,3290,3890,0,41800
29,2020.02.18,1905,38200,439500,2210,1835,3560,1485,403500,3920,1210,19250,91600,1090,7520,63000,5150,820,10000,3015,19800,336500,514000,22200,209000,8460,1255,1250,3030,8270,35400,7390,36900,1245,88000,18650,1540,1700,2020,15550,31350,6530,16350,22100,135500,43400,0,3340,3980,0,43650
30,2020.02.17,1980,37100,431500,2220,1840,3580,1455,404500,3940,1220,20150,93500,1105,7600,65400,5180,833,10000,3140,19500,338000,529000,21950,211500,8540,1225,1265,3125,8460,34300,7450,37700,1270,89000,18550,1495,1700,2050,15700,32500,6520,16350,22500,135500,43600,480,3370,4090,0,43700
31,2020.02.14,2050,37350,421000,2195,1840,3580,1450,408000,3990,1245,20200,93300,1110,7600,63700,5210,821,10000,3080,19800,337500,530000,21900,211500,8640,1265,1295,3035,8510,34450,7550,37600,1270,89100,18600,1545,1715,2045,15900,32350,6500,16100,23200,136500,44100,479,3375,4585,0,43000
32,2020.02.13,1980,37500,423000,2195,1935,3575,1480,413000,4010,1280,20550,96400,1130,7660,64000,5300,834,10150,2950,19750,337500,537000,22500,212000,8500,1290,1325,2895,8580,34700,7590,38200,1320,90200,18750,1575,1735,2060,15900,32800,6700,16300,23650,134000,42750,485,3445,4230,1200,44000
33,2020.02.12,2005,38650,424000,2195,1975,3460,1450,412000,3920,1280,20900,92600,1135,7650,63600,5290,832,10000,2870,19650,341500,528000,22350,211500,8420,1285,1305,2850,8660,34300,7630,38300,1285,89200,18750,1515,1740,2090,16100,31100,6720,16350,23000,133500,42600,347,3440,4180,1320,43650
34,2020.02.11,1905,38300,434000,2215,2060,3545,1450,416000,3910,1275,21350,92600,1120,7650,64000,5260,841,10000,2870,19800,325000,536000,22500,210500,8330,1265,1275,2910,8670,34050,7580,38100,1300,89600,18900,1525,1740,2085,16050,32750,6690,16500,23400,133500,42400,342,3430,4400,1380,44250
35,2020.02.10,1915,38800,431000,2230,2005,3580,1505,412000,3820,1335,21300,91800,1110,7680,63200,5280,812,10200,2825,19500,314500,519000,22250,210000,8390,1250,1260,2890,8650,33600,7560,38700,1300,89200,19100,1495,1715,2160,16250,33200,6600,16000,22950,133500,42500,382,3400,4275,1320,42800
36,2020.02.07,1870,38800,425000,2230,2070,3635,1475,410500,4010,1320,21350,93200,1120,7750,63700,5360,808,10300,2820,19600,317000,521000,22600,210000,8420,1255,1295,2870,8670,34000,7590,39350,1265,90700,18750,1540,1700,2180,16250,32800,6740,15950,23500,136000,41400,393,3590,4265,1270,43850
37,2020.02.06,1830,38350,394000,2215,2040,3620,1490,401000,3950,1385,20700,92900,1105,7750,62800,5350,799,10500,2930,19350,307000,497500,22000,210000,8290,1205,1260,2845,8610,32600,7530,39550,1260,90800,18750,1565,1670,2210,15950,31800,6800,15550,23050,133500,40450,393,3410,4250,1225,43000
38,2020.02.05,1910,38150,382500,2145,2020,3445,1505,404500,3930,1380,20700,93800,1095,7640,61600,5290,815,10400,2845,20150,321000,495500,22150,205000,8220,1225,1265,2815,8660,33750,7620,38900,1220,89500,19400,1565,1665,2140,15900,32000,6640,15650,23100,134000,40350,413,3450,4490,1195,42400
39,2020.02.04,1865,37550,372000,2130,1950,3380,1445,407000,3820,1300,20550,92300,1075,7550,61500,5060,840,10500,2830,20250,293500,483000,21400,209000,8110,1165,1245,2750,8700,32550,7700,39650,1205,90100,18350,1540,1610,2075,15600,30400,6500,15300,22100,135000,40600,392,3415,3940,1120,41000
40,2020.02.03,1785,37850,376500,2110,1885,3325,1450,413000,3815,1350,20350,95300,1070,7790,61500,4940,770,10700,2845,20150,271500,477000,19600,213000,8180,1175,1245,2720,8320,33350,7500,39550,1180,92400,18700,1490,1510,2100,15450,30350,6400,15150,21400,138000,41700,415,3440,3680,1120,41400
41,2020.01.31,2115,38300,389000,2135,1900,3430,1400,410500,4000,1355,20700,96100,1130,8030,64600,5230,786,10500,2950,19950,290500,495000,22350,212000,8630,1135,1265,2810,8870,33500,7490,40300,1335,91900,19150,1630,1650,2160,16200,32150,6790,16350,21950,137500,41700,416,3400,3785,1235,43150
42,2020.01.30,2175,39400,396500,2200,2015,3530,1510,407500,4080,1125,20700,95300,1160,8180,65400,5380,800,10500,2950,20450,293000,490500,23100,214500,8540,1195,1290,2880,9160,34350,7560,40050,1320,91900,18900,1665,1685,2185,17000,33300,6880,16850,22350,137000,43200,425,3565,3695,1255,44100
43,2020.01.29,1965,37850,396000,2165,2005,3500,1465,413500,4080,1130,20700,96300,1170,8640,65100,5330,789,10400,2990,20100,289000,495500,22350,217000,8650,1145,1285,2860,9010,34100,7500,39900,1225,92600,18700,1645,1710,2215,17500,32750,7050,16350,21800,136000,43500,388,3560,3590,1260,44250
44,2020.01.28,1930,37550,406500,2225,2140,3500,1445,422000,4100,1120,21200,96200,1200,8400,65800,5400,795,10400,3000,20100,274500,477000,22150,222000,8680,1080,1270,2850,9110,34850,7270,40350,1155,92600,19200,1640,1670,2230,16500,33200,6950,16250,22250,140000,43950,415,3635,3560,1285,44700
45,2020.01.23,1950,39750,409000,2230,2315,3615,1540,417500,4190,1145,21700,96300,1250,8390,67000,5600,804,10900,2970,20650,286000,469500,24350,226500,8800,1100,1405,2990,9270,35150,7470,40700,1165,93100,19200,1645,1790,2270,16800,33800,7280,16500,24050,141000,44050,435,3680,3800,1420,46950
46,2020.01.22,1850,39550,418000,2200,2275,3670,1485,416500,4165,1110,22000,96500,1230,8160,66700,5560,807,11050,3020,20450,276500,437000,24100,228500,8940,1085,1370,2980,9360,35750,7450,41400,1185,94000,18550,1680,1750,2255,16650,33350,7150,16200,24350,142000,44600,417,3580,3820,1460,47300
47,2020.01.21,1950,38400,419000,2240,2360,3570,1655,411500,4350,1125,22300,96200,1255,8250,67200,5590,812,11100,3035,21000,276000,439500,25250,228500,9070,1020,1425,2995,9390,35150,7420,41250,1190,93200,18500,1610,1790,2275,16500,33750,7200,16550,24850,144500,44350,431,3640,3940,1440,47300
48,2020.01.20,2160,37800,416500,2250,2545,3635,1630,413500,4235,1135,22050,94700,1265,8140,67700,5750,825,11150,3090,21000,273500,439000,24900,227500,9090,1005,1450,3085,9420,35300,7410,41150,1230,93100,18650,1685,1810,2260,16750,34050,7200,16700,25650,145500,44650,555,3620,3970,1400,47000
49,2020.01.17,2100,37800,418500,2270,2440,3635,1875,416000,4205,1150,21950,95900,1280,8040,68000,5750,821,11100,3075,20550,270500,436500,24750,229500,8970,998,1355,3050,9310,35550,7520,41000,1240,93300,18550,1655,1835,2255,16550,34300,7270,16350,26100,138500,44800,522,3630,3880,1465,47350
50,2020.01.16,2000,37350,423000,2260,2480,3660,1545,420000,4200,1135,22000,95500,1285,8140,69200,5820,825,11200,3015,20800,265500,435000,23550,229500,8990,996,1390,3060,9420,35900,7530,41450,1235,94000,18500,1580,1835,2235,16300,34300,7350,16250,25900,146000,45000,578,3650,3830,1560,47950
51,2020.01.15,1915,37650,427500,2230,2385,3760,1585,417000,4135,1125,21800,98000,1265,8160,68200,5700,816,11100,3060,20950,268500,433500,23200,229500,8990,997,1390,2965,9430,35700,7320,41700,1195,93900,18600,1500,1840,2235,16650,34500,7480,16550,25550,146000,44550,561,3655,3875,1930,46850
52,2020.01.14,1955,37100,419000,2230,2390,3745,1315,415500,4135,1115,22000,99000,1280,8240,67500,5760,840,11150,3070,20650,265000,440500,23950,226500,8960,1015,1300,3060,9450,35750,7390,41450,1195,93200,18750,1490,1800,2225,16250,34650,7430,16550,26100,145500,44500,577,3680,3920,1975,47000
53,2020.01.13,1875,36950,421000,2180,2400,3735,1310,417000,4165,1095,21450,98400,1270,8140,65700,5620,809,11200,3110,20300,250000,439000,23400,227000,8780,999,1280,2950,9410,35300,7630,41200,1175,91800,18700,1460,1750,2250,16350,35100,7450,16650,25500,148500,44350,588,3710,3855,1920,46800
54,2020.01.10,1620,36350,425500,2180,2340,4100,1275,417000,4140,1085,21550,98300,1280,7970,65200,5350,804,11300,3130,20150,233000,422000,23050,229000,8820,999,1260,2910,9290,35300,7760,42100,1130,91900,18600,1450,1720,2200,15900,34850,7240,16800,25500,149000,44500,594,3725,3755,2005,45650
55,2020.01.09,1615,35600,428500,2130,2275,4200,1260,418000,4085,1070,21550,98000,1280,8020,65200,5400,795,11150,3115,20100,230500,417000,22600,232500,8790,999,1235,2780,9370,35000,7630,41850,1115,90500,18500,1380,1670,2175,15750,34200,7180,16400,25050,147500,44950,579,3650,3600,2055,45800
56,2020.01.08,1680,37250,424000,2170,2360,6500,1310,431500,4160,1110,21650,99600,1335,8170,66000,5530,807,11100,3110,20200,229000,412500,23350,233000,8880,997,1250,2865,9300,35600,7680,42100,1160,90500,19300,1410,1730,2235,16300,34500,7600,16850,25400,147000,45000,616,3660,3705,2230,47500
57,2020.01.07,1560,36650,425000,2200,2305,5080,1285,430500,4130,1105,21900,103500,1325,8200,67100,5510,796,11250,3125,20100,230000,415500,24500,232500,8850,996,1265,2865,9440,36050,7700,42500,1145,90900,18800,1430,1750,2215,16550,34450,7450,16850,25350,148000,46350,817,3695,3850,2285,47800
58,2020.01.06,1490,37100,427000,2235,2380,3930,1305,435000,4180,1115,22550,102000,1360,8290,68000,5660,819,11350,3135,20400,227000,414500,25600,234500,8970,1000,1305,2920,9620,36350,7830,42400,1155,91300,19100,1390,1785,2270,16850,34600,7670,16900,25900,148000,47150,830,3740,3980,2460,48650
59,2020.01.03,1535,37000,426000,2285,2520,3450,1320,437000,4205,1130,23150,104000,1410,8400,68900,5710,815,11500,3140,20450,235000,431500,26850,239000,9030,1010,1295,3005,9620,36650,7860,42750,1160,92500,18700,1450,1825,2270,16950,35150,7860,17200,27250,149500,47350,827,3715,4020,2530,50000
60,2020.01.02,1485,36300,428000,2300,2450,3455,1280,436000,4175,1110,23000,106500,1430,8340,70000,5650,811,11750,3165,20900,237000,433000,25500,243500,9100,998,1325,3020,9340,37250,7610,43100,1125,93800,18100,1435,1765,2225,16750,36500,7760,17050,26800,149500,47400,849,3710,3955,2390,49850
61,2019.12.30,1510,36500,429500,2300,2315,3475,1255,432500,4160,1105,23300,107500,1405,8110,70300,5670,803,11600,3260,21150,233500,430000,25550,244500,9050,991,1305,3010,9410,37600,7730,43800,1120,94500,17600,1410,1785,2280,16650,36050,7830,17000,27000,149500,48100,822,3700,4020,2415,49350
62,2019.12.27,1530,36550,423500,2310,2300,3535,1235,433000,4155,1105,22900,107000,1430,8010,69400,5730,794,11650,3180,21400,225500,419000,24550,240500,9000,1000,1240,2980,9360,36500,7640,44200,1090,94200,17300,1385,1750,2310,16450,35950,7970,17300,26500,150000,48100,830,3785,3940,2480,49150
63,2019.12.26,1505,36400,432000,2270,2210,3620,1235,436000,4210,1100,23050,108000,1420,8160,71500,5720,795,12050,3110,21850,226000,420000,24800,250000,9050,992,1225,2950,9400,37000,7450,45850,1100,95400,17150,1335,1835,2285,16250,36150,6880,17850,27000,149500,48100,878,3710,3820,2365,49350
64,2019.12.24,1530,35850,430000,2240,2450,3550,1245,425500,4170,1115,23250,106500,1450,8140,71000,5650,808,11950,3180,22000,227500,421500,24150,252500,9050,1000,1300,2940,9390,36150,7520,45800,1130,94700,17000,1355,1770,2285,16700,35950,7040,18300,26900,147000,48850,858,3645,3920,2580,49400
65,2019.12.23,1595,35900,432500,2265,2620,3555,1255,422500,4285,1090,23500,108000,1410,8120,70900,5730,815,12200,3085,22000,229500,398000,23750,253000,8940,1030,1380,3030,9330,36500,7590,45350,1170,95700,17250,1390,1805,2310,16750,35850,7030,18400,26900,146500,48350,855,3650,2960,2540,49900
66,2019.12.20,1570,36000,430000,2235,3405,3565,1265,425000,4425,1080,22950,108000,1380,8140,71000,5760,813,12100,3160,21750,230000,396000,24400,247500,9120,992,1445,3025,9380,35900,7490,45750,1185,97000,17400,1400,1650,2300,16700,35000,7060,18400,26650,147500,48000,897,3730,2870,2785,50100
67,2019.12.19,1595,36400,427000,2250,3200,3570,1315,423500,4275,1085,22100,107500,1310,8030,70200,5780,821,12200,3200,22150,227000,394500,24500,251000,9220,1000,1475,3005,9320,35600,7610,45350,1185,95800,17500,1410,1655,2295,16600,35250,7100,17800,27900,150000,48950,899,3755,2885,2765,48550
68,2019.12.18,1560,36400,427000,2225,3265,3555,1375,422000,4210,1070,22200,106000,1300,8230,71300,5840,811,12200,3245,21650,233500,396000,25000,251000,8750,1005,1380,2990,9310,35350,7830,44650,1185,95100,17400,1365,1730,2295,16850,34400,7180,17550,25950,149000,49150,843,3755,2910,3030,49300
69,2019.12.17,1590,36550,426000,2225,3265,3560,1440,421500,4220,1075,21950,107000,1245,8100,71600,5760,812,12250,3250,21600,233000,394000,26950,251000,8780,1030,1360,3100,9350,35800,7870,44400,1180,94000,17350,1385,1655,2355,16750,34200,6930,17700,25450,146500,49000,896,3705,2800,3640,48900
70,2019.12.16,1630,36100,430000,2210,3200,3605,1210,415000,4170,1080,22350,107000,1220,7860,70200,5730,833,12200,3245,21450,230000,395000,26750,252500,8850,1015,1330,2990,9440,36250,7620,45600,1215,96700,17400,1370,1625,2335,16800,33400,6930,17800,25650,146500,49350,919,3735,2725,4100,49050
71,2019.12.13,1640,36450,427500,2200,3175,3470,1180,427500,4160,1075,22150,105500,1185,7800,68800,5470,824,12200,3250,21400,230500,393000,28550,251000,8880,1015,1255,3010,9310,36400,7350,44600,1195,97600,17400,1350,1650,2305,16600,33900,7200,18100,25250,146000,49350,914,3720,2730,3080,49150
72,2019.12.12,1575,35950,418000,2180,2955,3440,1185,421500,4075,1065,22000,103000,1165,7750,69700,5510,818,11850,3220,21700,229000,388500,22150,239500,8660,1010,1255,2920,9230,36650,7340,43600,1165,97600,16950,1360,1585,2290,16450,34350,7070,17500,25050,145500,48650,908,3650,2780,2300,47900
73,2019.12.11,1550,35850,408500,2165,2895,3425,1190,424500,4145,1075,22100,103000,1245,7620,68600,5480,809,11400,3250,21650,227500,391500,20700,236000,8710,999,1240,2915,9250,36350,7680,43600,1130,96100,17150,1340,1550,2260,16700,33300,7250,17500,25300,146500,48300,910,3680,2815,1630,48150
74,2019.12.10,1600,36150,407000,2125,3090,3400,1205,421000,4125,1080,21850,98300,1330,7620,65600,5450,800,11000,3245,21750,224500,384000,20450,234500,8710,1005,1245,2890,9220,36250,7830,43650,1120,94100,17200,1305,1645,2245,16350,33050,6800,17750,25000,147500,48250,910,3690,2815,0,46750
75,2019.12.09,1595,35700,408500,2155,2905,3430,1190,438000,4100,1085,21600,101500,1380,7810,64700,5450,794,11150,3240,21400,223500,391000,20550,235000,8940,994,1285,2880,9210,37000,7920,43950,1140,94400,17250,1295,1630,2300,16400,32750,6770,17800,25350,148000,47900,925,3700,2825,0,47600
76,2019.12.06,1565,35350,407000,2130,2820,3370,1185,441500,4075,1060,21550,101500,1375,7800,65700,5390,770,11850,3220,21600,222000,396500,19750,233500,8800,1005,1265,2890,9020,37150,7960,43700,1080,93700,17000,1215,1580,2240,15900,32100,6650,17450,25050,148000,48050,871,3810,2780,0,47750
77,2019.12.05,1565,35250,407000,2140,2845,3365,1200,444500,4205,1070,21650,100000,1400,8010,66700,5520,793,11900,3235,21650,225000,391500,20700,229000,8850,995,1295,2935,9190,37100,8050,43150,1155,94500,17650,1235,1485,2245,16050,33650,6560,17750,24400,148500,47800,882,3950,2835,0,48250
78,2019.12.04,1610,35000,400500,2120,2865,3400,1215,450500,4245,1090,21600,101000,1415,8070,67600,5580,790,11950,3260,22150,234500,393500,20700,228000,8890,991,1295,3025,9180,36900,7830,43100,1150,94100,17400,1280,1540,2280,16100,33600,6670,17750,24250,146000,47850,820,3905,2855,0,48500
79,2019.12.03,1615,35400,407000,2125,2805,3390,1195,453500,4245,1075,21550,102500,1430,8100,68300,5500,795,12100,3220,21850,232000,386000,22450,233500,8970,989,1320,2970,9360,37500,8110,43100,1100,95200,17450,1285,1550,2270,16250,34150,6680,18150,24050,149500,48050,860,3855,2915,0,48850
80,2019.12.02,1640,35400,405500,2170,2830,3395,1235,455000,4235,1115,21900,103500,1430,8190,68200,5410,805,12500,3190,21600,233000,394000,21900,234500,9000,1000,1345,3040,9490,37900,8290,43550,1135,94100,17600,1275,1565,2230,16500,35000,6520,18150,25050,151000,48350,885,3885,2880,0,48250
81,2019.11.29,1610,36350,414000,2160,3130,3410,1255,467500,4160,1155,22400,105000,1465,8260,69700,5710,810,12500,3200,22000,234000,401500,27000,237000,8980,995,1300,3040,9450,37750,8110,44750,1130,95300,17600,1305,1590,2325,16400,34900,6500,18650,25300,151500,48300,870,3850,2850,0,48400
82,2019.11.28,1665,35750,410500,2155,3210,3430,1250,465500,4180,1150,22300,99000,1470,8200,70600,5690,807,12450,3205,21750,233000,396000,18900,237000,8930,995,1345,3075,9500,37500,8280,44350,1115,95200,17500,1345,1605,2340,16450,35000,6550,19050,25200,150000,48450,840,3860,2805,0,48550
83,2019.11.27,1660,33500,418500,2175,3245,3415,1250,470500,4215,1140,22400,98400,1520,8230,71500,5860,825,12550,3215,21850,239000,393000,18350,237000,8850,1030,1365,3105,9570,38250,8290,45300,1150,96400,17200,1395,1615,2250,16650,35000,6660,18750,25150,151000,48750,859,3855,2880,0,49700
84,2019.11.26,1650,34000,409500,2160,3225,3405,1200,470000,4105,1130,22300,95600,1450,8240,72300,5540,808,12500,3240,22050,238000,391000,19100,235000,8970,1030,1355,3080,9740,38200,8450,44800,1110,96500,17250,1380,1610,2255,16500,33550,6680,18550,24600,150500,48600,867,3870,2885,0,49100
85,2019.11.25,1625,33750,407500,2155,3235,3415,1200,462500,4125,1145,21950,93500,1415,8190,73300,5440,803,12500,3220,22100,235500,389000,18500,235500,8780,1000,1325,3110,9560,38000,8410,44200,1090,95000,17450,1310,1590,2160,16100,33600,6680,18200,24500,151000,48500,835,3785,2810,0,49450
86,2019.11.22,1690,33100,416000,2145,3265,3405,1180,468500,4130,1180,21800,92800,1440,8320,72700,5170,798,12450,3180,22250,238000,387500,17950,237500,8710,962,1320,3015,9500,38000,8390,43900,1125,95500,17350,1375,1600,2190,16050,33250,6350,18100,23300,150500,48800,885,3770,2775,0,48600
87,2019.11.21,1705,34250,412000,2230,3380,3415,1205,470500,4195,1125,22150,91500,1455,8270,74700,5250,800,12500,3140,22550,237000,399500,17600,237500,8980,995,1415,3180,9690,38100,8290,44200,1165,95900,17250,1365,1610,2250,16450,33550,6340,18550,24000,149000,48800,909,3805,2770,0,50000
88,2019.11.20,1820,34450,420500,2290,3470,3470,1230,464000,4200,1180,22850,89300,1445,8290,74200,5330,818,12550,3120,22000,240500,396500,17800,233500,8850,1010,1435,3290,9930,38800,8500,43450,1250,95400,17400,1290,1700,2220,17050,33850,6450,18500,24550,151000,49000,908,3760,2795,0,50600
89,2019.11.19,1875,34600,421500,2300,3610,3500,1200,476500,4200,1125,23100,89400,1470,8200,72500,5210,836,12450,3120,22350,242000,403500,17450,230500,8900,1015,1495,3340,9980,39850,8230,43250,1245,95700,17750,1280,1620,2255,17150,34050,6550,18200,24950,149500,49450,900,3815,2795,0,49450
90,2019.11.18,1880,34700,426500,2320,3525,3495,1240,475000,4155,1150,23000,88400,1490,8170,72700,5310,830,12550,3100,22150,240000,398000,17300,232500,8930,1005,1495,3380,9990,41050,8310,43200,1240,95500,17650,1275,1600,2225,17050,34100,6670,18650,25250,151000,49850,917,4075,2860,0,49900
91,2019.11.15,1900,33500,422000,2295,3300,3500,1230,476500,4225,1115,23200,87100,1445,8260,72300,5310,820,12450,3165,22450,238500,393000,17450,224000,8850,1010,1545,3350,9900,40650,8420,43650,1250,94500,17750,1340,1640,2110,16900,34350,6600,18600,25000,152000,49550,830,3970,2910,0,49100
92,2019.11.14,1920,33200,425000,2290,3580,3530,1240,470000,4240,1130,23300,86400,1450,8220,73300,5330,840,12550,3140,22700,235000,390500,17400,227500,8870,1005,1495,3295,10100,40350,8690,43850,1220,94400,17600,1315,1650,2135,17350,34300,6770,18900,25200,151000,49550,823,3930,2850,0,49300
93,2019.11.13,1940,33300,431000,2315,3550,3495,1265,475000,4370,1130,23050,87200,1460,8220,74700,5320,845,12600,3175,22000,234000,397000,18300,233000,8980,1005,1525,3325,9970,38450,8830,44000,1220,95500,17500,1350,1585,2140,17650,35300,6480,18750,25950,150000,49050,845,3860,2815,0,49350
94,2019.11.12,1930,33400,435500,2260,3710,3480,1260,478500,4195,1135,21900,87800,1485,8270,76100,5480,850,12500,3130,21900,233000,400000,18650,235000,9090,1000,1635,3260,9750,38800,8800,43450,1210,96300,17500,1460,1615,2120,17550,35600,6450,18950,24350,150000,49700,889,3885,2815,0,50700
95,2019.11.11,1865,33000,434500,2295,3800,3480,1235,481000,4095,1100,22100,89000,1480,8390,76600,5260,856,12500,3140,22650,237500,388500,18250,234500,9100,1010,1575,3285,9740,38600,8780,43800,1230,95700,17700,1450,1610,2115,18150,36000,6580,18800,25050,152500,49550,898,3840,2750,0,51000
96,2019.11.08,1845,33500,434000,2280,4030,3480,1245,481500,4045,1110,22150,89600,1455,8220,76000,5060,850,12400,3120,22150,234500,404500,18350,233000,9070,997,1555,3275,9710,38600,9350,43500,1240,96200,17650,1365,1625,2110,18750,35850,6360,19300,25450,152500,49850,900,3875,2735,0,50600
97,2019.11.07,1870,33450,433000,2290,3805,3450,1240,470000,4005,1120,22000,91300,1430,8310,76000,5050,852,12600,3100,22800,230000,401000,17800,223000,9050,1000,1590,3335,9730,38050,9060,43050,1235,95100,17550,1355,1615,2150,18850,35800,6310,18450,25350,151500,49350,909,3830,2740,0,51600
98,2019.11.06,1905,33050,439500,2285,4685,3450,1240,472000,4000,1110,22100,91700,1445,8020,76100,4985,841,12650,3100,22000,236500,399500,18450,227500,8980,1010,1620,3260,9730,38100,8900,43150,1260,96900,17900,1290,1595,2120,17300,36050,6360,19150,25500,150500,50400,944,3760,2730,0,47250
99,2019.11.05,1960,32800,440500,2280,3680,3450,1255,473500,4015,1095,22500,92100,1445,7850,76300,4930,843,12750,3080,23200,233500,402500,18300,225500,8840,1020,1625,3250,9650,38750,8900,42850,1255,96400,17450,1380,1585,2100,16800,35550,6330,19200,24650,150000,49600,915,3865,2775,0,48000
100,2019.11.04,1820,32550,435000,2185,3325,3415,1235,467000,3950,1075,21850,92300,1430,7750,76100,4805,842,12500,3080,21700,232500,401000,18150,219000,8840,1065,1550,3145,9650,38850,8570,42400,1245,95700,17450,1355,1580,2130,16850,34550,6350,18450,23850,151000,49300,889,3730,2760,0,47700
101,2019.11.01,1800,32350,434500,2165,3405,3410,1210,470000,3945,1065,22200,90800,1430,7800,77600,4780,828,12550,3070,21750,229500,397500,18500,218500,8770,1050,1550,3130,9710,37800,8600,42400,1260,93700,17700,1405,1595,2130,16900,34800,6300,17800,23800,149500,49200,883,3730,2720,0,47500
102,2019.10.31,1815,32350,438000,2185,3580,3400,1215,471500,3900,1070,22500,88200,1450,7780,79000,4780,844,12500,3050,21600,232000,400000,20700,218000,8750,1035,1530,3220,9660,38400,8460,42800,1225,94000,17450,1325,1590,2095,16450,33950,6300,17850,23850,149000,49100,905,3740,2745,0,47950
103,2019.10.30,1880,32900,439000,2230,3525,3390,1220,480500,3920,1075,22600,85500,1475,7910,80200,4770,838,12600,3090,21050,231000,401000,20400,221500,8840,1015,1515,3200,9650,38400,8290,43650,1250,94400,17500,1325,1600,2105,16500,34200,6340,17350,24350,149500,49000,890,3750,2680,0,47800
104,2019.10.29,1870,33300,439500,2235,3185,3395,1215,484500,4000,1065,22500,86000,1500,8080,79400,4780,841,12700,3040,20950,230500,397500,19750,221000,8990,1020,1620,3220,9710,39650,8280,43200,1225,95100,17600,1370,1595,2075,16550,33350,6400,17050,24150,149500,49450,870,3870,2690,0,46350
105,2019.10.28,1855,33450,445500,2270,3240,3370,1240,487000,3930,1070,22400,86000,1515,8000,80300,4750,837,12650,3050,20900,227000,387500,22800,223000,8880,1050,1670,3200,9830,40350,8350,43550,1240,95700,17450,1370,1570,2140,16400,33700,6320,17500,23550,150000,49500,877,3870,2610,0,47350
106,2019.10.25,1850,33700,435500,2280,3405,3395,1215,483000,3905,1085,22600,85100,1475,7980,80300,4740,865,12600,3050,20750,227000,379000,24050,221500,9050,1045,1650,3270,9900,38850,8310,43500,1215,94100,17350,1465,1605,2140,16500,33800,6330,17600,24600,150000,49300,870,3930,2635,0,45800
107,2019.10.24,1830,33600,433000,2235,3365,3380,1210,488000,3980,1080,22500,86600,1500,7860,82200,4730,863,12500,3070,20750,226500,378000,17500,224000,9230,1055,1640,3255,9930,39450,8470,43850,1205,94300,17600,1530,1615,2160,16700,33500,6390,17800,24200,149000,49250,877,3840,2600,0,45550
108,2019.10.23,1835,33600,445500,2270,3565,3375,1215,489500,3995,1105,23000,86100,1505,7940,82300,4850,884,12500,3060,20700,223000,377000,18100,221000,9200,1055,1685,3300,9930,40250,8260,42900,1270,96100,17750,1490,1620,2170,16750,33900,6510,18000,25400,150000,49550,861,3885,2715,0,45650
109,2019.10.22,1910,34300,438500,2250,3660,3375,1210,490500,4030,1105,22650,86100,1520,7770,81600,4860,895,12400,3085,20650,225000,341000,14350,222500,9180,1060,1640,3330,9800,40500,8500,42600,1265,97200,17800,1520,1605,2150,16500,34000,6390,18250,26000,150000,50200,864,3930,2715,0,45450
110,2019.10.21,1965,34250,443000,2270,3915,3410,1225,496500,4050,1120,22400,88000,1525,7830,79700,4875,920,12550,3085,20600,225500,343500,12200,223500,9250,1070,1630,3435,9890,40250,8520,42500,1320,96500,17850,1395,1630,2140,16350,34000,6430,18650,25900,152000,50600,884,3805,2650,0,44700
111,2019.10.18,1970,35000,443500,2300,4230,3400,1260,498500,4050,1145,22700,88200,1495,7960,83500,4880,936,13000,3045,20400,220500,345000,12300,224500,9270,1065,1665,3435,9870,41000,8290,42550,1345,97100,18000,1140,1635,2140,16450,33250,6390,17850,25800,151500,50300,860,3815,2645,0,44750
112,2019.10.17,1965,35000,445000,2365,4300,3415,1220,496000,4015,1125,22850,87700,1510,8010,0,4895,956,13000,3040,20550,219500,343000,12600,219500,9240,1070,1685,3540,10100,40400,8120,42250,1270,97100,18150,1130,1640,2100,16400,33750,6280,17300,25750,154000,51000,851,3945,2640,0,44550
113,2019.10.16,1885,35350,441000,2340,4245,3425,1210,496000,3890,1120,22800,85300,1490,7870,0,4910,920,12750,2995,20200,221000,327500,12500,220000,8970,1075,1685,3540,9990,38700,8150,43550,1275,97200,17950,1115,1650,2085,16250,32850,6300,16950,24950,153500,49400,860,3880,2585,0,44800
114,2019.10.15,1855,35000,446500,2350,4465,3420,1205,488000,3925,1130,22600,86800,1465,7890,0,4840,903,12600,3085,20150,221500,329000,12100,220000,8890,1070,1650,3490,9950,37700,7970,42800,1080,96200,17850,1085,1615,2100,16200,32650,6340,16750,24650,152000,50800,823,3920,2620,0,43300
115,2019.10.14,1860,34000,446500,2325,4560,3460,1220,488000,3920,1085,22450,84800,1440,7920,0,4770,945,12600,3115,20350,230000,327500,11950,223000,8850,1050,1650,3400,9820,37500,7990,41800,1060,96600,17700,1075,1590,2100,16400,33300,6290,16100,23100,151500,51200,820,3850,2500,0,42400
116,2019.10.11,1830,34300,439500,2275,4540,3370,1220,488500,3955,1070,22300,85100,1465,7850,0,4765,946,12450,2990,20100,233500,329000,11900,215000,8910,1035,1700,3365,9840,38150,8000,41400,1060,96300,17650,1060,1620,2105,16050,32200,6350,15350,23300,152000,50900,850,3760,2545,0,42100
117,2019.10.10,1890,34700,429000,2130,4635,3345,1225,488500,3985,1065,21650,86400,1455,7880,0,4730,1040,12800,2930,20250,223500,326000,11800,213000,8860,1065,1760,3320,10000,38250,7970,40400,1065,95400,17850,1075,1630,2105,15850,31850,6320,15350,23150,153000,50100,828,3700,2405,0,41600
118,2019.10.08,1835,34800,428500,2150,4935,3335,1225,490500,3965,1045,21650,89000,1495,7790,0,4730,1060,12650,2915,20000,221500,326000,11700,218000,8910,1055,1705,3295,10050,38850,7980,40850,1030,95700,17650,1085,1590,2110,15500,32150,6360,15400,23500,153000,49500,836,3745,2400,0,41650
119,2019.10.07,1915,34450,433500,2250,5030,3350,1230,484500,3885,1085,21700,87300,1485,7800,0,4830,1040,12650,2880,20250,220500,324000,12150,215000,9060,1090,1800,3450,10150,38350,8000,41100,1045,96500,18150,1135,1640,2110,15550,31000,6380,15500,23400,153000,49300,841,3790,2450,0,41500
120,2019.10.04,1940,34900,433500,2500,5250,3340,1235,494500,3925,1115,21950,87300,1515,7690,0,4880,1275,12750,2900,20250,219000,320500,12000,218500,9120,1065,1850,3840,10550,38300,8030,41650,1070,97000,17050,1105,1670,2120,15750,31300,6290,15400,23900,151500,50000,845,3905,2515,0,41500
121,2019.10.02,1865,34950,443000,2505,5250,3365,1230,496000,4000,1095,22050,88500,1530,8120,0,4885,1275,12800,2860,20200,223500,317500,12100,224500,9250,1100,1835,3940,10550,39150,7990,42000,1065,98000,17650,1105,1675,2125,15600,31050,6330,15200,24700,152000,50400,853,3750,2550,0,42150
122,2019.10.01,1930,34000,445000,2425,5250,3395,1235,494500,3985,1125,22100,86600,1515,7880,0,4855,1280,12950,2920,20100,221000,308000,12650,223500,9320,1085,1855,3790,10600,38850,8000,42000,1060,97300,18050,1115,1660,2130,15300,30400,6280,15200,24600,153000,50300,863,3900,2525,0,41500
123,2019.09.30,2005,33700,441500,2385,5550,3400,1245,492000,3965,1140,21800,87100,1535,7980,0,4920,1330,12550,2910,20350,220000,309500,12700,225500,9250,1100,1865,3765,10650,40400,7990,41700,1070,96700,18100,1125,1680,2140,15300,31000,6210,15750,24400,152500,49850,868,3790,2465,0,41150
124,2019.09.27,1985,34500,447000,2390,5360,3425,1235,495500,4040,1170,22250,89200,1600,8100,0,4955,1430,13100,2920,20200,225500,320000,12750,230000,9450,1150,1900,3770,10650,41050,8040,43300,1060,96900,17850,1120,1715,2155,15500,31450,6400,16000,24050,153000,50800,866,3795,2520,0,42450
125,2019.09.26,1985,34250,443000,2390,5690,3450,1240,494000,4080,1190,22600,86700,1590,8280,102500,5000,1505,12950,2860,20500,226000,318000,13100,233000,9590,1080,1885,3800,11150,40950,7970,43050,1090,96200,17950,1135,1715,2175,15650,31950,6270,15750,24000,152000,51000,858,3775,2505,0,42650
126,2019.09.25,2075,35600,440000,2485,5610,3500,1250,506000,4095,1240,22600,87000,1620,8230,106500,5160,1510,13250,2880,20300,234000,318500,13600,231000,9700,1115,1900,3860,10400,41250,7980,42650,1130,96800,18100,1140,1800,2240,16300,32600,6360,15950,24250,152500,50900,878,3585,2645,0,43200
127,2019.09.24,2090,36200,437500,2490,5470,3495,1240,498500,4080,1225,22950,88900,1585,8290,105500,5060,1640,13350,2855,20250,237500,314000,13700,229000,9640,1135,1915,3980,10650,41300,7990,42800,1110,97500,17900,1135,1755,2240,16250,32300,6390,15800,24100,152500,50100,893,3655,2740,0,43200
128,2019.09.23,2150,36250,436500,2570,5650,3485,1245,494000,4135,1270,23000,89500,1610,8200,106500,5060,1285,13400,2830,20250,237000,338000,14300,226500,9570,1070,1945,4070,10450,41350,8000,42550,1140,96200,18100,1155,1820,2180,16500,32850,6300,15600,24450,154500,50900,875,3680,2670,0,43550
129,2019.09.20,2205,36250,434000,2505,5500,3515,1260,493000,4145,1220,23350,86600,1590,8200,109000,5080,1170,13300,2845,20250,236500,331000,13600,227000,9570,1080,1925,3980,10600,40500,8000,41900,1130,96600,18150,1175,1785,2205,16600,32750,6360,16000,24500,158000,50700,870,3770,2640,0,42050
130,2019.09.19,2150,36500,443000,2540,5480,3500,1275,499500,4105,1230,23500,88400,1600,8300,108500,5070,1320,13300,2885,20500,234000,316000,13650,235500,9640,1055,1900,3910,10850,40700,7880,42050,1165,96500,18150,1150,1785,2240,16700,32100,6460,15950,25150,156000,50500,883,3770,2620,0,42400
131,2019.09.18,2305,37600,443000,2405,5400,3550,1275,493000,4085,1205,24100,87100,1595,8370,108500,5040,1320,13150,2855,20300,234500,317500,13650,232500,9600,1050,1930,3750,11400,41000,7920,42550,1135,97200,18100,1175,1785,2200,16800,33150,6320,16300,24850,153500,50800,826,3750,2640,0,42200
132,2019.09.17,2375,36500,444000,2380,5730,3835,1260,488500,4090,1200,23600,85400,1610,8130,110500,4940,1100,13300,2860,20350,235500,299000,13450,232000,9680,1055,1905,3710,12300,41800,7990,42400,1145,97900,17850,1150,1800,2230,16300,31100,6350,15550,24300,152000,50100,822,3735,2625,0,42150
133,2019.09.16,2470,34400,455500,2350,5800,3805,1265,491000,4065,1210,24000,86000,1585,7970,109000,4960,842,13000,2860,20300,233500,294500,13450,233500,9510,1045,1970,3520,10400,41000,8020,42700,1115,98100,17950,1125,1800,2180,16400,30650,6380,15500,24050,152500,50300,819,3700,2685,0,42150
134,2019.09.11,2375,33400,442000,2300,6040,3435,1250,495000,4055,1215,24100,86900,1570,8060,109000,4920,825,13100,2820,20200,233500,285500,13050,233500,9560,1055,1790,3425,10300,40100,7770,42450,1100,98100,17800,1115,1735,2190,16250,30300,6200,15150,24300,156000,50200,820,3660,2740,0,42250
135,2019.09.10,2400,33100,439000,2140,5840,3410,1250,491000,4065,1175,23850,85200,1530,8070,104500,4950,823,12700,2820,20050,239500,290000,13000,227500,9440,1090,1850,3270,10250,38450,7890,41550,1075,97400,17950,1155,1710,2110,16350,30450,6180,15250,23400,153000,49850,806,3685,2795,0,41500
136,2019.09.09,2495,32900,438000,2120,5920,3410,1260,497000,4025,1220,24200,86000,1560,8000,102000,4930,837,12700,2835,20000,245000,277500,13500,225000,9350,1015,1765,3180,10250,38400,8010,41100,1105,97000,17700,1125,1780,2155,16150,30000,6350,15400,23950,152000,50300,812,3465,2750,0,42350
137,2019.09.06,2430,33250,442500,2115,5800,3440,1260,504000,4050,1200,24550,86800,1590,8120,101000,4995,838,12850,2880,19700,248500,280000,13700,226500,9520,1015,1910,3190,10500,38750,8040,40850,1100,99200,18250,1145,1720,2445,16300,30700,6340,16000,24100,151500,49800,809,3545,2825,0,41300
138,2019.09.05,2510,33100,440500,2120,5960,3405,1260,504000,4045,1195,24500,86700,1590,8070,101500,4915,847,12800,2840,19450,244500,280000,13750,225000,9550,1015,1560,3180,10550,38750,8150,40900,1085,101500,18250,1185,1720,2375,16250,30250,6340,16150,24400,154500,49450,818,3435,2650,0,40900
139,2019.09.04,2475,33000,437000,2110,6170,3400,1255,508000,4050,1190,24350,87200,1575,7970,100000,4895,835,12900,2875,19250,245500,270000,13700,224000,9570,1005,1520,3150,10400,38250,8070,40750,1085,98600,17750,1140,1700,2320,16000,30450,6140,15750,24200,154500,49800,805,3535,2630,0,40000
140,2019.09.03,2450,32950,445500,2085,5080,3395,1250,510000,4040,1210,24450,87000,1585,8060,100000,4865,846,13100,2805,19300,245000,267000,13600,225500,9450,1010,1540,3140,10550,38300,7820,40650,1060,101000,18300,1155,1695,2280,16000,30300,6100,15600,24500,152000,50300,809,3510,2610,0,39500
141,2019.09.02,2425,32900,432000,2080,5050,3340,1240,507000,4000,1180,23650,86700,1580,8200,100500,4790,822,12850,2895,19250,232500,267500,13450,226500,9360,1025,1535,3150,10700,37950,7650,41600,1055,100000,18150,1035,1725,2150,16050,29500,5980,15450,23750,152500,49900,801,3410,2480,0,40000
142,2019.08.30,2410,32650,435500,2060,5100,3335,1240,516000,3950,1150,23700,87000,1585,8300,100500,4715,843,12700,2945,19300,248500,274500,13000,225000,9230,1000,1525,3120,10250,38350,7500,40100,1060,100000,17750,1010,1680,2080,15900,29850,6000,15200,23050,155500,50700,801,3540,2405,0,39700
143,2019.08.29,2390,32000,429000,2080,5340,3350,1230,510000,3915,1165,22650,86900,1610,8390,101000,4750,807,12600,2950,18900,249500,290000,13200,225500,9210,995,1510,3140,10050,37850,7460,39850,1025,98400,17650,1020,1710,2095,16000,29500,6000,15050,23100,153500,49950,810,3340,2430,0,39850
144,2019.08.28,2350,33000,433000,2050,5560,3325,1250,515000,3920,1150,21950,89700,1590,8770,99200,4750,801,12700,2995,18850,247500,275500,12700,227000,9270,1020,1500,3065,9980,37800,7420,39900,1005,99600,17450,1005,1660,2095,15400,28600,5950,14750,23000,151000,49500,840,3450,2390,0,39300
145,2019.08.27,2435,31800,428500,2030,5650,3320,1235,531000,3860,1140,21400,87900,1560,8940,100500,4740,812,12800,2990,19100,245000,274500,13000,226000,9470,1000,1465,3120,10100,37700,7390,39750,1030,100500,17500,1020,1660,2030,15800,29200,5890,15400,23450,149000,50400,837,3420,2380,0,39700
146,2019.08.26,2425,32550,430000,2005,5660,3375,1235,541000,3905,1145,21500,86100,1545,8810,98500,4790,820,12400,3015,19000,243000,278500,13150,224500,9590,1005,1490,3070,9930,38300,7450,40350,1065,98600,17850,1020,1650,2050,15800,29000,6090,15950,23500,148000,50300,819,3370,2415,0,39700
147,2019.08.23,2465,32700,435000,2075,6120,3395,1210,545000,4000,1180,21950,86700,1580,9020,100500,4865,856,13100,2860,19150,237500,278000,13350,229000,9810,1040,1525,3195,10000,38200,7380,40600,1120,101500,17750,1045,1690,2115,16100,29550,6300,15850,23600,148000,50400,811,3505,2620,0,40800
148,2019.08.22,2610,32900,440000,2120,6140,3415,1265,546000,4110,1205,22700,84200,1610,9050,102500,4870,840,12900,2870,19200,248500,285000,13850,229500,9830,1050,1590,3210,10150,38100,7290,40500,1070,102500,18750,1045,1715,2180,16500,30450,6340,16150,24450,148500,50600,820,3490,2490,0,41200
149,2019.08.21,2535,32350,444000,2090,5810,3390,1275,551000,3960,1180,22700,83600,1600,8770,99600,4850,845,12600,2870,19050,253500,283500,13800,228000,9840,1055,1580,3235,10100,38000,7260,40300,1060,105000,18800,1050,1700,2100,16250,29750,6250,16200,23750,153000,50900,796,3600,2540,0,40850
